label,text
3,"President Donald Trump told Israeli Prime Minister Benjamin Netanyahu Wednesday that the US is going to push for a peace deal with the Palestinians and asked Israel ""to hold back"" on settlement construction."
3,President Donald Trump and Israeli Prime Minister Benjamin Netanyahu hold a joint press conference at the White House.
3,"""Tomorrow's world will be different -- and it is very near."" Those were the words of Israeli Prime Minister Benjamin Netanyahu as he dismissed last month's Mideast peace conference in Paris as ""useless,"" instead focusing on the inauguration of US President Donald Trump just days later."
3,"President Donald Trump told Israeli newspaper Israel Hayom, that he is ""not somebody that believes that going forward with ... settlements is a good thing for peace,"" in an interview billed as his first with Israeli media since taking office."
3,President Trump hosts world leaders. Michael Flynn has resigned. There will be high-stakes cabinet votes and more executive actions. We're covering Trump's fourth week in office here.
3,"Israel is at a crossroads: two states or not two states. Of course, the world does not expect a deal to be made tomorrow -- or even soon. But it does want to hear from Israel that there has been no paradigm shift, no retreat to the old dream of a Greater Israel by annexation, and no abandonment of the commitment to Palestinian statehood."
3,"Iowa Rep. Steve King says General Michael Flynn has been subject to ""political assassination."""
3,"High-level advisers close to then-presidential nominee Donald Trump were in constant communication during the campaign with Russians known to US intelligence, multiple current and former intelligence, law enforcement and administration officials tell CNN."
6,"Like parents around the country, Jeanette Vizguerra kissed her kids last night and sent them to bed. But unlike many moms, she may not be there when they get home from school today."
6,White House senior policy adviser Stephen Miller has garnered attention in recent weeks as one of the chief architects behind President Donald Trump's executive order temporarily banning travel from seven Muslim-majority countries.
6,"Andrew Puzder has withdrawn as President Donald Trump's choice for labor secretary, a dramatic decision caused by a GOP revolt that claimed the first Cabinet nominee of the new administration."
6,"Here are all the reasons Andy Puzder, Trump's pick for Labor secretary, is having a no good, very bad time getting confirmed."
6,The ex-wife of Labor Secretary nominee Andy Puzder is privately telling senators that she made a mistake decades ago in leveling domestic abuse charges against him and appearing in disguise on Oprah Winfrey's TV show to talk about her situation.
6,"Former national security adviser Michael Flynn's security clearance has been suspended ""pending review,"" a Defense Intelligence Agency spokesman told CNN Wednesday."
6,"The Defense Department might propose that the US send conventional ground combat forces into northern Syria for the first time to speed up the fight against ISIS, CNN has learned."
6,"Earmarks, the simultaneously hated and beloved DC tool that lets lawmakers direct money to specific programs and projects, may be coming back."
6,"The number of hate groups in America spiked in 2016, according to the Southern Poverty Law Center."
6,"CNN's Jake Tapper discusses how President Donald Trump handled the resignation of National Security Adviser Michael Flynn, and how Trump's comments claiming the media was creating ""conspiracy theories"" were false."
6,"There is some poetic justice in seeing the man who was made President because of leaks potentially hobbled by ones that may legitimately reveal wrongdoing, writes Paul Begala."
6,"In the end, Andrew Puzder had too much baggage -- both personal and professional -- to be confirmed as President Donald Trump's Cabinet."
6,"As the fallout from Michael Flynn's resignation continues, former national security adviser to Hillary Clinton, Jake Sullivan, says no one from the Clinton campaign ever reached out to Russia during the 2016 presidential campaign."
6,Two top House Republicans asked the Inspector General on Wednesday to investigate leaks surrounding the ouster of former national security adviser Michael Flynn.
6,"CNN's Jim Acosta, Sara Murray and Joe Johns all received the cold shoulder when they attempted to ask President Donald Trump for comment on reported contacts between his senior advisers and suspected Russian operatives during his campaign."
6,"Washington, DC, restaurants and schools are preparing for a ""Day Without Immigrants"" protest Thursday, but so far, policymakers who live in the nation's capital haven't taken much notice."
6,"The organizers of the Women's March on Washington have set the date for their general strike, dubbed ""A Day Without A Woman,"" for March 8, which is International Women's Day."
7,Workers at Boeing's South Carolina plant go to polls to vote on whether to unionize.
3,"President Donald Trump rejected the long-established US framework for Middle East peacemaking at a White House visit with Israeli Prime Minister Benjamin Netanyahu Wednesday as he announced his desire to reach ""the ultimate deal."""
6,The vacant spot atop the National Security Council is triggering anxiety that the White House is ill-prepared to face a sudden foreign policy crisis amid fresh concern about politics at play in the Situation Room.
6,"Trump's administration remains largely unfilled four weeks into his presidency, with just 34 of nearly 700 key Senate-confirmed positions having a candidate announced"
6,Sen. Ted Cruz (R-TX) says he thinks former US Ambassador to the United Nations John Bolton is a strong candidate for President Trump's national security adviser.
6,"A leading foreign policy expert cautioned Friday that the Trump administration's departure from traditional US foreign policy positions has created ""real doubts"" among allies."
3,"There's a Russian spy ship off the coast of Connecticut. Crammed with eavesdropping equipment, the Viktor Leonov's visit is the latest in a string of provocations."
12,"Heavy rains slammed Southern California on Friday, killing two people, downing power lines and leaving cars submerged on the streets."
3,China moves quickly to grant Trump a trademark he's been seeking for a decade.
3,"A suspect in the death of the North Korean leader's half brother thought she was participating in a television show when she squirted liquid in his face, police said."
1,"Columbia University mistakenly emailed 277 master's program applicants that they were accepted, only to quickly rescind the offer, blaming it on ""human error."""
12,"There is currently less sea ice surrounding the Antarctic continent than at any point since reliable records began in 1979, taking away a key argument from climate change skeptics."
3,"Vice President Mike Pence assures allies that the United States will be ""unwavering"" in its commitment to NATO."
3,"Seeking to assuage European fears about refreshed Washington-Moscow ties, Vice President Mike Pence told leaders here Saturday that the United States would hold Russia accountable for its actions even as it works to locate new areas for cooperation."
3,"CNN's Fareed Zakaria says Sen. John McCain's speech at a security conference was ""directly about Donald Trump."""
3,A suspect in the murder of Kim Jong Nam is accused of spraying him in the face with a potentially lethal substance from a perfume bottle. The woman told police she thought it was a harmless prank. CNN's Brian Todd reports.
6,Plenty of reporters say his White House is in 'chaos.' But there's one big thing going right for him right now: The U.S. economy.
10,"DriveTribe, the content startup aimed at motoring enthusiasts, was launched last year by former Top Gear presenters Jeremy Clarkson, Richard Hammond and James.."
10,"This week, the CRISPR-Cas9 patent case came to a close, an encrypted messaging app went open source and Facebook announced some big changes to its video.."
10,"It probably comes as no surprise: Theranos, the blood testing technology company once worth billions, is struggling to survive. With no revenue, no money set.."
10,Snap is about to embark on its investor roadshow as it prepares to go public at the beginning of March. And a new video gives a glimpse at how they will be..
10,"Tesla actually makes a lot of data available to vehicle owners via APIs and other endpoints, but it's not always easy to find and make use of that info. Enter.."
6,"Sen. John McCain slammed President Donald Trump's attacks on the media this week by noting dictators ""get started by suppressing free press."""
6,"While trust in the media overall is low, audiences do have significant levels of trust in the media outlets Trump is attacking, Frida Ghitis writes"
6,"Secretary of Education Betsy DeVos is receiving protection from the United States Marshals Service, a spokeswoman for the group told CNN Saturday."
3,"Omar Abdel-Rahman, an Egyptian-born cleric serving a life sentence for plotting the 1993 bombing at the World Trade Center and other terror attacks in New York, has died, a prison spokesman said. He was 78."
3,"Norma McCorvey, known as ""Jane Roe,"" the plaintiff in Roe v. Wade, the US Supreme Court case that established a constitutional right to abortion, has died, a priest close to her family said."
3,Some Pentagon officials believe Russia is testing President Donald Trump with aggressive moves across the globe.
10,"There are many toys on the market today that promise to teach kids programming skills, and a good percentage require the use of a connected tablet or.."
6,"After a month of arduous and, at times, turbulent governing, President Donald Trump is ready for what he really loves: Campaigning."
6,Secretary of State Rex Tillerson has reassigned a majority of the staff meant to work most closely with the top US diplomat in what career officials at the State Department fear is the start of a major reorganization.
6,"Norma McCorvey was the focus of the ""Roe v Wade"" case but later called her role ""a mistake""."
6,"Geert Wilders heads polls ahead of the 15 March election, but his lead is narrowing."
2,"The day-old chicks were abandoned in a field, sparking an investigation by the RSPCA."
6,The PM agrees to meet the boss of France's PSA Group to discuss a planned UK takeover of Vauxhall.
6,Protesters accuse the government of reneging on its promise to allow more migrants into Spain.
6,Ray Woodhall said he suffered so many cardiac arrests a nurse apologised for having to beat his chest so much.
9,Lincoln become the first non-league side in 103 years to reach the FA Cup quarter-finals with a dramatic last-minute win over Burnley.
6,The Labour leader opposes Tony's Blair's call for a movement to challenge the Brexit decision.
10,"Microsoft's founder warns a virus, possibly created by terrorists, could have a catastrophic effect."
6,"Omar Abdel Rahman - who was serving a life sentence in the US - dies in prison, his family says."
9,"Non-league side Lincoln achieve a 'football miracle' by reaching the FA Cup quarter-finals, while Millwall knock out Leicester."
9,"Mo Farah takes victory in the 5,000m at the Birmingham Grand Prix to win the final indoor race of his career."
9,Late drama as Shaun Cummings puts 10-man Millwall ahead in the last minute against Leicester City in their FA Cup fifth-round tie.
9,Live text coverage plus BBC Radio 5 live sports extra and Radio Merseyside commentary of Warrington Wolves v Brisbane Broncos.
9,Judd Trump will face Stuart Bingham in the Welsh Open final after the Englishmen enjoy comfortable wins in the last four.
9,"Laura Muir breaks Dame Kelly Holmes' British record to win the women's 1,000m at the Birmingham Indoor Grand Prix."
9,Celtic restore a 27-point advantage at the top of the Scottish Premiership with victory over Motherwell.
9,British number one Johanna Konta withdraws from the Dubai Duty Free Championships with a foot injury.
9,Sean Raggett heads Lincoln City ahead in the 89th minute against Burnley in the FA Cup fifth round at Turf Moor.
6,"Shortly after Vice President Mike Pence pledged to “hold Russia to account” while looking for common ground in a speech to European allies, a hawkish Russian legislator reached out to shake his hand as he passed through a crowded hotel corridor."
14,Treat yourself … or others.
10,"Elon Musk’s Space Exploration Technologies Corp. halted the launch of its second rocket in as many months on Saturday, about 10 seconds before its scheduled liftoff."
6,"President Donald Trump’s revised executive order on immigration will be “more streamlined” than its predecessor, U.S. Homeland Security Secretary John Kelly said, as the administration seeks a way to avoid the ensnaring of lawful U.S. entrants that led to parts of the original edict being blocked by federal courts."
13,Competitors relieved that Kraft Heinz Co. snubbed them for Unilever may want to skip the celebration.
6,"A free and at times adversarial press is essential “if you want to preserve democracy,” Republican Senator John McCain said in response to President Donald Trump’s description of the media as the enemy of the American people."
3,"The U.S. policy of maintaining sanctions and military pressure on North Korea while refusing to talk to the country isn’t working and will only make matters worse, a Chinese official said Saturday, venting Beijing’s impatience with the stalemate over its isolated neighbor."
3,"Microsoft co-founder Bill Gates joined the United Nations to warn world leaders about a new series of threats shaping up as megatrends, led by global warming, superbugs and artificial intelligence."
6,"President Donald Trump’s adult sons, who now manage his sprawling business empire, were guests of honor at the launch of a new luxury golf course in Dubai, the first opening of a Trump-branded property since Inauguration Day."
13,"South Korean police on Saturday led Jay Y. Lee, hands bound with rope, into a special prosecutors office after arresting the de facto head of the country’s largest industrial conglomerate in a corruption probe that includes allegations of bribery."
6,"Foreign Minister Sergei Lavrov pushed back against accusations that Russian hackers meddled in last year’s U.S. presidential election, saying no one had put forward any proof and former President Barack Obama’s administration ignored repeated overtures to discuss cyber-security norms."
3,Study finds that mothers are increasingly staying in part-time jobs instead of returning to full-time work
3,"Poland needs more U.S. forces on its soil to bolster defenses against Russia and welcomes U.S. Vice President Mike Pence’s assurance that the U.S. is committed to the NATO alliance, the country’s defense minister said."
3,"French far-right leader Marine Le Pen denied an allegation by the European Union’s fraud office that she gave her aides fake parliamentary jobs, after she became the second main contender in the nation’s presidential race to become embroiled in a funding controversy."
3,Boris Johnson delivered a Brexit-inspired English lesson to a roomful of diplomats in Germany.
3,Russian Foreign Minister Sergei Lavrov told reporters on Saturday that a ceasefire will go into effect for Eastern Ukraine on Monday.
9,"Watch the best of the goals from Saturday's FA Cup action, including a Rudy Gestede volley for Middlesbrough and a cheeky free-kick from Oxford United's Chris Maguire."
9,Ten-man Millwall secure a stunning upset with a last-minute winner to beat Premier League champions Leicester City and reach the quarter-finals of the FA Cup.
6,"The event, unusual for a sitting president, echoes those held during Mr Trump's successful campaign."
6,The US president invited a supporter on to the stage at his rally in Florida.
9,"Michael Watson, who was left partially disabled after a boxing match, needed hospital treatment."
3,"Kurdish mourners gather at Heathrow Airport to pay tribute to Briton Ryan Lock, who died fighting so-called Islamic State in Syria."
3,Protesters accuse the government of reneging on its promise to allow more refugees into Spain.
9,"Warrington get the first win for an English club over Australian opponents since 2012, beating Brisbane in the World Club Series."
9,"Michael Watson, who was left partially disabled after a boxing match, needed hospital treatment."
9,"Leicester City need ""soldiers and gladiators"" to save their season after their FA Cup exit, says manager Claudio Ranieri."
6,"Melbourne, Fla. (AP) -- Just four weeks into his administration, President Donald Trump appeared at a campaign rally that mirrored the months leading up to Election Day, complete with promises to repeal the health care law, insults for the news media and a playlist highlighted by the Rolling Stones."
13,Here’s how you can profit from its work.
13,It’s an exclusive enclave for China’s aspiring masters of the universe.
6,"President Donald Trump, after a month of arduous and, at times, turbulent governing, got what he came for Saturday during a dusk rally here: Campaign-level adulation."
10,"SpaceX delayed its launch Saturday morning ""out of an abundance of caution."" The private space firm will try again Sunday morning."
14,"Bullish​ is TechCrunch's premiere talk show about tech, startups and diversity. Airing Wednesdays 10 AM ET / 7 AM PT."
6,"President Trump had a supporter in the crowd join him on stage to deliver remarks during his rally in Melbourne, Florida."
6,"Party leader accepts 'share of responsibility' for by-election loss but is ""determined"" to stay on."
6,The US president has traditionally attended and it will still go ahead in Mr Trump's absence.
9,"The American coach of Olympic champion Mo Farah may have broken anti-doping rules to boost the performance of some of his athletes, says a leaked report."
3,"A UK watchdog says so-called Islamic State plans ""indiscriminate attacks on innocent civilians""."
3,"Caroline Wyatt said the ""brain fog began to lift"" after she paid for treatment in Mexico."
3,"Actor David Harewood says Doctor Who ""needs to do something different"" - and he'd be up for it."
15,"Twenty-eight people are injured, some seriously, but police say terrorism is not suspected."
5,Low-budget drama Moonlight warms up for Sunday's Oscars by winning six Independent Spirit Awards.
3,Senior Tory Lord Heseltine says he will rebel against ministers when peers debate the Brexit bill.
3,North Korean leader's half brother was killed by a nerve agent in the airport two weeks ago.
9,Watch BBC One live on BBC iPlayer.
9,WBO world welterweight champion Manny Pacquiao and Great Britain's Amir Khan agree to fight on 23 April.
9,"Watch live BBC Sport coverage of the men's skeleton followed by the four-man bobsleigh at the World Championships in Konigssee, Germany."
9,"Leicester City striker Jamie Vardy says speculation he was involved in Claudio Ranieri's dismissal is ""untrue and extremely hurtful""."
9,"Head coach Vern Cotter lauds Scotland's second-half display against Wales, as they rack up 20 unanswered points to win."
9,Chelsea stretch their lead at the top of the Premier League table to 11 points after victory over Swansea City at Stamford Bridge.
9,"Captain Alun Wyn Jones wanted to kick for goal at a crucial point against Scotland, but says his kickers said ""no""."
9,Gavin McDonnell fails in his bid to join his twin brother Jamie as a world champion with a majority-decision loss to Rey Vargas.
9,Ireland beat France 19-9 in Dublin to keep alive their hopes of winning a third Six Nations Championship in four years.
13,Billionaire investor Warren Buffett devoted a substantial portion of his annual letter to deepen his long-running critique of investment fees.
6,"Policies supported by Republican congressional leaders to repeal and replace Obamacare could lead millions of people to lose their health coverage, according to a presentation given to state governors meeting Saturday in Washington."
6,President Donald Trump asked on Twitter why the media hasn’t reported that the national debt has dropped since his inauguration.
10,"Facebook's approach to Snapchat has been: if you can't buy it, copy it."
6,"President Donald Trump said he won’t attend this year’s White House Correspondents Association Dinner on April 29, following weeks of attacks on news organizations that included calling them “the enemy of the American people.”"
5,This year’s Oscar nominees include seven people of color in the best and supporting acting categories.
13,"With late payments on the rise, a dealership upsell begins to look dangerous."
6,"White House press secretary Sean Spicer excluded several major news outlets, including the New York Times and CNN, from an untelevised media briefing on Friday, hours after President Donald Trump assailed coverage of his administration."
6,"Former Labor Secretary Tom Perez was elected chairman of the Democratic National Committee on Saturday, as the party struggles to set a new direction after Hillary Clinton’s November loss to Donald Trump."
6,"President Donald Trump has announced that he will not attend this year's White House Correspondents' Dinner, a move that comes amid increasingly hostile relations between the media and the White House."
6,The former Obama White House communications director says the Trump administration's combative approach to the press risks following the model of Russia.
6,"At a campaign-style rally in Melbourne, Florida, President Trump started out by attacking the media saying he wanted to speak to the crowd without the filter of the ""fake news."""
6,"A Republican lawmaker who supported Donald Trump in the 2016 presidential election said a special prosecutor should investigate reported communications between the Trump campaign and Russians known to US intelligence, not Attorney General Jeff Sessions."
6,"New national security adviser H.R. McMaster is already setting a strikingly different tone than his ousted predecessor, Michael Flynn, and President Donald Trump, saying the term ""radical Islamic terrorism"" isn't helpful for US goals."
6,"President Donald Trump would like the US to be ""at the top of the pack"" when it comes to having nuclear weapons"
6,President Donald Trump told Reuters that the US should be leading the world in nuclear weapons. The statement left non-proliferation experts puzzled and concerned.
6,"While President Donald Trump was busy ignoring the reality of his low approval ratings by bathing in the embrace of an adoring crowd last weekend, his foreign policy challenges were stacking up."
15,"One man is in custody after a pickup truck rammed a crowd at a New Orleans Mardi Gras parade, police said. At least 21 people were hurt."
6,Democrats chose a new chair to lead their battered party as it tries to channel its base's anti-Donald Trump energy into an electoral rebound.
10,"I’ll be honest, hearing about what Raybaby does made me happy I don’t have kids. The mere thought of needing a device to monitor a child’s breathing.."
10,Uber employees have flocked to an anonymous workplace app called Blind as a sort of catharsis since ex-Uber engineer Susan Fowler Rigetti posted about being..
10,"Tesla CEO Elon Musk has shared the results of his own investigation into factory working conditions at the carmaker, following accusations by employee and.."
10,"Tech news was heavy this week. Uber is facing a sexual harassment claim as well as a lawsuit from Google, NASA discovered planets with what could prove to be.."
10,"If you’ve read the latest headlines about Britain’s tech industry, you’d think the country hadn’t been rocked by the greatest political and economic.."
6,"Leader says the party must ""remain united"" following its by-election loss to the Conservatives."
5,"Actor Bill Paxton, known for roles in Aliens and Titanic, has died aged 61, his family tell US media"
3,"More than 3,500 attacks were carried out on migrants and asylum shelters in Germany last year."
15,"Five-year-old Ellie-May Clark, who was minutes late for an appointment, died of an asthma attack."
10,An iconic Nokia phone is revamped with added battery life and new features alongside several Nokia-branded Android models.
9,England overcome a stern challenge from Italy to remain unbeaten in this year's Six Nations and stretch their winning run to 17 matches.
6,A key Theresa May aide is being criticised over his comments defending changes to the PIPs system.
7,"The former home of the original Ernie machine, which generated winning Premium Bond numbers, is demolished."
15,One man is critical and four others injured after a Mercedes crashes into them in south-east London.
9,Listen to BBC Radio 5 live commentary and follow updates of the EFL Cup final at Wembley.
9,Harry Kane scores his third hat-trick in nine games as Tottenham react to their European exit by hammering Stoke to go second in the league.
9,"Follow live text commentary, match action and the best from social media on day three of the 2017 FA People’s Cup first round."
9,Watch BBC Two live on BBC iPlayer.
9,Red Bull unveils the car many expect to be the closest challenger to world champions Mercedes in 2017 - the RB13
9,A woman who died in a crash in Neath Port Talbot is named as Wales rugby international Elli Norkett.
9,Lionel Messi scores a late winner as Barcelona beat Atletico Madrid to move top of La Liga.
6,There's a lot of confusion to clear up when the president addresses Congress Tuesday night.
10,"Google is bringing its voice assistant to the latest Android phones, starting with a closer partnership with LG Electronics."
13,"Every new generation of babies is the “luckiest crop,” and things are never as bad as they seem."
6,"Treasury Secretary Steven Mnuchin said President Donald Trump’s upcoming budget won’t touch entitlement programs such as Social Security or Medicare, and will instead focus on ways to produce long-term economic growth by slashing taxes."
13,Peak optimism is fast approaching.
13,"How value investing, mixed with a contrarian streak, helped Lions Gate beat the blockbuster model."
13,"Deutsche Bank AG cut its bonus pool for 2016 by almost 80 percent, Frankfurter Allgemeine Sonntagszeitung reported, a figure unmatched in the bank’s recent history as it tries to counteract the impact of low interest rates and legal expenses."
13,"The exact dollar value of Saudi Aramco may be up for debate, but the listing of the world’s biggest company will be priceless for the kingdom’s markets."
5,"Actor Bill Paxton, whose extensive career included films such as ""Twister,""  ""Aliens"" and ""Titanic,"" has died, a representative for his family said in a statement. He was 61."
5,"Actor Bill Paxton, whose extensive career included films such as ""The Terminator,"" ""Aliens"" and ""Titanic,"" has died at age 61, a representative for his family said in a statement."
16,A look back at notable people who have died in 2017.
6,New Democratic National Committee Chairman Tom Perez is joining calls for an independent investigation into reported contacts between President Donald Trump's campaign and Russians known to US intelligence.
6,New Jersey Gov. Chris Christie says Republican lawmakers should hold town halls even if that means confronting hundreds of angry progressive constituents.
15,Police are searching for the people who shot and killed 8-year-old De'Maree Adkins who was traveling with her mother in Houston.
6,"Bernie Sanders said on ""State of the Union"" Sunday that he doesn't believe his candidate for Democratic National Committee chairman, Minnesota Rep. Keith Ellison, was defeated Saturday because the election was rigged, but the system could use some retooling."
6,"The Democratic National Committee elected Tom Perez as its new chairman, voting for the former labor secretary over Minnesota Rep. Keith Ellison in a 235-200 vote."
10,"The modular G5 was a novel device, but novelty alone doesn’t sell phones. So LG went back to the drawing board for its followup, and the result is, on a.."
10,"A very happy Mobile World Congress to you and yours. The world’s largest smartphone show is still a couple of days from its official kick off, but.."
10,"If you're bored of the same old monotone/metallic smartphone color choices, Chinese mobile maker Huawei has been thinking a little differently for its just.."
10,"Bigger screens don’t cut it anymore. Now, we need taller screens. I’ve been playing with the LG G6 for the past 24 hours. In many ways, it is just another.."
10,The idea that giant batteries may someday revolutionize electrical grids has long enthralled clean-power advocates and environmentalists. Now it’s attracting bankers with the money to make it happen.
5,Actor Bill Paxton tells Larry King that being a filmmaker was always his dream
5,"While defending President Trump's decision to skip the White House Correspondence Dinner, Ben Stein said that the media is ""trying to do to Trump what they did to Nixon"" during the Watergate scandal."
5,Moonlight wins best picture at the Oscars - after Faye Dunaway initially says La La Land won.
5,The moment when La La Land producer realised Moonlight had won the Oscar for best picture
5,"Stars including Emma Stone, Viola Davis and Dev Patel walk the red carpet at the 89th Academy Awards."
5,All the winners at this year's Academy Awards.
5,"Winners of the 89th Academy Awards, including Viola Davis, Emma Stone, Mahershala Ali and Casey Affleck."
5,"La La Land is wrongly given the best picture Oscars, but it is not the first jaw-dropping award fail."
5,"Irene Clennell has been sent back to Singapore, leaving behind her husband and sons in Britain."
6,Sir Gerald had been an MP since 1970 and became the oldest serving member of the Commons in 2015.
15,The first public sessions will focus on British children sent to Australia between 1945 and 1974.
13,"Consumers are now more likely to seek out better deals, but the regulator warns many still lose out."
9,"Jose Mourinho and Zlatan Ibrahimovic's partnership hints at more success for Manchester United, writes Phil McNulty."
9,"Italy's tactics at Twickenham tested England - and Eddie Jones' patience - to the limit, writes Tom Fordyce."
9,"Follow live text commentary, images, social media and analysis from the first day of testing at Circuit de Catalunya."
9,Who is the next nearest thing to N'Golo Kante? Whose presence at Old Trafford is like that of Roy Keane? Find out in Garth's team of the week.
9,Anthony McGill wins the Shoot Out title in Watford in the first year that the one-frame format has been counted as a ranking event.
9,"More than 6,000 teams joined battle in the first stage of the FA People's Cup 2017 - here's our round-up of the weekend's action, and more..."
9,"An alternative look back at the third round of the Six Nations, as England don't know the rules, Eddie Jones is angry and Rhys Webb is impish."
9,"World number one Andy Murray says he is ""ready to go"" at the Dubai Tennis Championships after a bout of shingles."
6,"President Donald Trump is proposing major defense spending increases and big cuts to the Environmental Protection Agency, State Department and other federal agencies in a proposed budget to be presented soon to Congress, said a person familiar with the plan."
13,"Adrienne Heintz, an Atlanta marketing professional, has discovered a reliable way to earn higher wages, and Federal Reserve economists are taking note."
3,The rare public spat between China and North Korea illustrates the dilemma facing Beijing’s leaders as they try to coax Kim Jong Un back to the negotiating table.
5,"In an upset made all the more shocking by the way it was announced, “Moonlight” won the Oscar for best picture, a crowning achievement for African-American filmmakers after two years of controversy over institutional racism in Hollywood."
3,The pound fell against all its major peers after The Times reported that U.K. Prime Minister Theresa May’s team is preparing for Scotland to potentially call for an independence referendum in March.
13,Warren Buffett’s sweeping endorsement of index investing is sure to sting the hedge-fund industry and encourage the stampede into assets that passively track the market.
13,"As populism grips Europe, the U.S. and elsewhere, there are few targets as ripe for political assault as the institutions stuffed with unelected technocrats wielding the power to affect the economic fate of millions."
6,"The White House is working on plans for improving U.S. transportation and other key structures, but agreeing on how to pay for expensive new projects won’t be easy, Transportation Secretary Elaine Chao told the nation’s governors."
10,​Samsung Electronics Co. teased its coming Galaxy S8 smartphone and released new tablets targeting video-gamers and professionals as the company seeks to regain ground lost after pulling its Note 7 from shelves last year.
6,Former CIA Director John Brennan called for congressional committees looking into the possibility of Russian interference in the 2016 U.S. presidential election to “pursue this investigation with vigor and with the appropriate amount of bipartisan support.”
5,It's an Oscar moment that will go down in history.
5,"Faye Dunaway and Warren Beatty presented ""La La Land"" as the winner of the best picture award, and the celebration began on stage but was quickly ended when one of the ""La La Land"" winners pointed out that in fact ""Moonlight"" had won the award."
5,"academy awards review Jimmy Kimmel brings silliness to Oscars punctuated by politics, silliness and a shocking twist ending"
5,Oscar winners 2017 list
5,See photos from the red carpet at the 2017 Academy Awards.
5,"""The White Helmets,"" a documentary about volunteer rescue workers in Syria, took home the Oscar for Best Documentary Short Sunday. It was the first Academy Award win for Netflix, which distributed the film."
6,"Bill Owens, the father of the Navy SEAL killed in a late-January raid in Yemen, leveled biting criticism at the White House and called for an investigation into his son's death in a news story published Sunday."
6,Homeland Security Secretary John Kelly said immigration enforcement would be limited to criminals and the travel ban won't target Muslims.
6,"President Trump's nominee for secretary of the Navy, Philip Bilden, has withdrawn his name from consideration, Bilden and Secretary of Defense Jim Mattis said Sunday in statements."
9,"Latest football news including fallout from the EFL Cup final, plus gossip and the best of social media."
9,"Manchester United manager Jose Mourinho believes striker Zlatan Ibrahimovic will stay - but will not ""beg"" him to do so."
13,"Insurers say changes to the calculation of compensation payments for accident victims are ""crazy""."
15,A former child migrant breaks down while talking about British children abused overseas.
6,Donald Trump proposes a $54bn (£43bn) military spending increase - a rise of about 10% on 2016.
5,Barry Jenkins' Moonlight wins best picture at the Oscars after an error involving wrong envelopes.
3,We go behind the scenes at a National Front rally in Nantes.
3,"The former Tory prime minister also says the costs of leaving the EU will be ""unpalatable""."
5,"Neil Fingleton, who at 7ft 7in was Britain's tallest man, was a basketball player before he became an actor."
6,"Shadow Chancellor John McDonnell says plotters are using ""dark arts"" to destabilise Labour's leader."
15,Simon Cowell had been asleep in the house with his family when it was broken into.
9,"Text and radio coverage as Leicester, without the sacked Claudio Ranieri, take on Liverpool, who can go third with a win."
9,"It is ""too early to speculate"" on rule changes after Italy used controversial tactics against England, says the sport's governing body."
9,Mercedes and Ferrari enjoy impressive starts to pre-season testing as Red Bull and McLaren hit trouble.
9,Caretaker boss Craig Shakespeare is firmly in contention for the Leicester manager's job on a longer-term basis after Claudio Ranieri's sacking.
9,"Huddersfield boss David Wagner is given a two-match touchline ban and a £6,000 fine after his altercation with Leeds counterpart Garry Monk."
9,Ugo and Chris on Italy frustrating England with their innovative tactics at the ruck.
9,Britain's triple Olympic champion Andrew Triggs-Hodge announces his retirement from rowing.
9,Roger Federer wins his Dubai Tennis Championships opener against France's Benoit Paire in just 54 minutes.
9,"England Lions lose their second four-day match with Sri Lanka A, but Liam Livingstone matches a feat achieved by Kevin Pietersen."
9,"Former Hearts, Everton and Scotland forward Alex Young has died at the age of 80."
6,"President Donald Trump told major U.S. health insurers at a White House meeting Monday to expect “something special” to replace Obamacare, as the administration gets more involved in Republican efforts to repeal the health-care law."
13,"If some American banks are too big to fail, others have begun to feel they’re too small to succeed."
13,Tesla Inc. fell 5 percent after Goldman Sachs Group Inc. turned negative on the stock and cast doubt on Chairman Elon Musk’s ability to deliver the company’s new vehicle on time.
13,"Warren Buffett cast doubt on a controversial centerpiece of House Speaker Paul Ryan’s tax overhaul plan, saying the measure would lead to higher prices for consumers and likely be scaled back because it’s too politically contentious."
13,Rocket and satellite litter is endangering private space commerce. Enter the cosmic debris tracking industry.
13,"President Donald Trump breathed some life back into beaten-down stocks that have been seen as benefiting from higher spending on highways and bridges, promising to spend"
5,"The Oscars are over, but the legal battle to protect those stunning dresses is just starting."
10,"While Google shuttered its Titan drone project, Facebook Inc. is planning to ramp up test flights for its own experimental solar-powered glider."
3,"Seoul, South Korea (AP) -- North Korea executed five senior security officials with anti-aircraft guns because they made false reports that"
6,"President Donald Trump's first budget proposal will look to increase defense and security spending by $54 billion and cut roughly the same amount from non-defense programs, the White House said Monday."
14,"CNNgo is a revolutionary news-watching experience that offers the live CNN broadcast with unprecedented features. You can catch-up on the stories you‘ve missed, go deeper and learn more about the stories that interest you with related coverage, and enjoy the most popular On Demand Shows"
6,It's hard to overstate how much is on House Speaker Paul Ryan's plate right now. He presides over a restive group of Republicans who deposed his predecessor. He's dealing with a new president who -- even on his best days -- refuses to stick to the script and has no trouble throwing party orthodoxy out the window. Many of the top staffers he has to work with in the new administration have no idea how Congress works.
6,"If Hillary Clinton had won the presidency last year, Tom Perez, the freshly elected Democratic National Committee chair, might well be entering his second month running her Justice Department."
6,President Donald Trump is set to give an address to a joint session of Congress on Tuesday -- but it technically won't be his first State of the Union address.
6,"President Donald Trump noted with some exasperation Monday the complexity of the nation's health laws, which he's vowed to reform as part of a bid to scrap Obamacare."
3,"The Pentagon has sent President Donald Trump what it calls a ""preliminary framework"" for options to ramp up the US battle against ISIS, in a plan he requested in order to make good on his campaign vow to crush the extremist group."
6,"Former President George W. Bush was asked about the media during an interview on NBC's ""Today,"" he responded that media is essential to democracy and that power is addictive."
5,"The big moment for ""Moonlight"" came after presenters Warren Beatty and Faye Dunaway accidentally announced the wrong winner. Here's how it happened."
10,"Mobile World Congress kicked off over the weekend with press conferences from Samsung, Sony, LG and Motorola. But all anyone seems to care about is a.."
10,"Samsung is set to announce the Galaxy S8 smartphone in late March, but the two videos and a couple of images embedded here appear to show working units. The.."
10,"When Microsoft launched the Surface line back in 2012, its combination of a tablet and keyboard cover (married with a smart kickstand), was innovative. With.."
10,SoftBank is being linked with an investment that could value WeWork at more than $20 billion. CNBC reported that the Japanese telco giant is gearing up to..
9,England opener Alex Hales will join his side on their tour of the West Indies after recovering from a hand fracture.
9,"The former gymnast, a darling of the 1972 Munich Olympics, auctions off her medals to pay the bills."
10,"One of UK's top scientists, Sir Paul Nurse, says experts are being ""derided and pushed back""."
9,"Text and radio coverage as Leicester, without the sacked Claudio Ranieri, take on Liverpool, who can go third with a win."
6,Congressional Republicans return to Washington Monday prepared to plow ahead with their agenda after a long week back in their districts where high-octane town halls featuring contentious run-ins with constituents dominated headlines.
6,Republicans return to Washington on Monday to what is becoming an increasingly daunting undertaking: Dismantling Obamacare.
9,David Haye and Tony Bellew are kept apart by security guards but exchange insults at a heated Liverpool news conference.
9,"Text and radio coverage as Leicester, without the sacked Claudio Ranieri, take on Liverpool, who can go third with a win."
10,Uber Technologies Inc. executive Amit Singhal resigned after the ride-hailing company learned of sexual harassment allegations from his previous job at Google.
6,"President Donald Trump said his address to a joint session of Congress Tuesday will offer “something special” on his health-care overhaul efforts, as his administration gets increasingly involved with Republican plans to repeal and replace Obamacare."
15,Trial jury at Leeds Crown Court discharged after attempts were made to bribe jurors.
10,The US rocket company says the customers have already paid for the flight planned for late 2018.
3,The incident marks the second major attack against a Jewish cemetery in the past week.
15,"While murder has long lost the capacity to shock in El Salvador, Gustavito's death has hit a nerve."
9,Watch BBC One live on BBC iPlayer.
9,Leicester produce a superb display to beat Liverpool and move out of the bottom three in their first game since the sacking of Claudio Ranieri.
9,"Andrew Flintoff, Robbie Savage & Matthew Syed talk sport, life and everything in-between."
10,Elon Musk’s Space Exploration Technologies Corp. plans to send two private citizens on a trip around the moon late next year as it continues to work with NASA for a crewed mission to the International Space Station.
6,More than 120 retired generals and admirals signed a letter Monday pushing back on the White House's proposal to make major cuts to diplomacy and development.
6,"Rep. Adam Schiff, ranking member of the House Intelligence Committee, says that without an independent analysis, it's too early to draw conclusions about Trump advisers' involvement with Russian officials. Schiff's statement differs from the opinion of the committee's chairman, Rep. Devin Nunes. CNN's Jim Sciutto breaks it down."
6,The Department of Homeland Security is exploring ways to make it easier to hire agents to help fulfill President Donald Trump's ambitious border security plans
10,Elon Musk said two tourists will travel around the moon in 2018 with SpaceX.
10,"Uber's SVP of engineering, Amit Singhal, left the company earlier today after Uber CEO Travis Kalanick asked him to step down, Recode reports. According to.."
10,"Elon Musk promised some SpaceX news today, and it looks like it just made its way out: The company is going to send two people on a trip around the moon. But.."
10,Boston Dynamics' wheeled Handle robot received much fanfare earlier this month when DFJ partner Steve Jurvetson slipped us an early video from a company..
10,Samsung just released a press statement declaring its Galaxy S7 edge as winning the best smartphone award at Mobile World Congress 2017. That didn't happen...
6,President Donald Trump’s plan to slash the Environmental Protection Agency’s $8.3 billion budget would almost certainly mean making deep cuts to programs that protect the air and water and invoke fierce protests from environmentalists.
13,Morgan Stanley said it took a $70 million charge tied to tax-reporting errors by its brokerage business from 2011 to 2016.
5,"On stage in front of the biggest movie stars in the world, documentary filmmaker Ezra Edelman clutched his first Oscar and thanked a fellow newcomer to the Hollywood awards circuit: ESPN."
9,"Match of the Day 2 pundit Dietmar Hamann says Leicester's 3-1 victory over Liverpool shows that the club made the ""right decision"" to sack manager Claudio Ranieri."
6,"President Donald Trump signed off on press secretary Sean Spicer's decision to check aides' cell phones to make certain they weren't communicating with reporters by text message or through encrypted apps, multiple sources confirmed to CNN on Monday."
15,The coroner examined whether the UK government and travel firms failed to protect British tourists.
10,"There is no screening programme for the disease, so patients say it would be of ""enormous benefit""."
6,"Huge numbers of draughty homes could stop it meeting emissions targets by 2050, a report says."
15,"There were 23,000 allegations of abuse by care workers in people's homes between 2013 and 2016."
16,Hens have been kept in barns for weeks under emergency measures to limit the spread of bird flu.
15,The move is part of a fresh wave of industrial action announced by officers in England and Wales.
5,A government-backed review says greater openness on race and pay could help stamp out inequality.
6,The leader of the largest group of House conservatives said Monday he couldn’t support the party’s existing Obamacare replacement strategy.
3,Exxon Mobil Corp. is pinning its fortunes closer to home as new CEO Darren Woods veers from the oil titan’s longtime focus on Asian and African riches.
3,"Communist leaders are looking to casinos, horse betting and modern lottery-ticket machines to raise money for schools and hospitals."
13,Concerned venture capitalists sit out the stock market’s Trump bump.
6,"Billionaire Wilbur Ross was confirmed as U.S. Commerce secretary by the Senate, clearing the way for one of President Donald Trump’s key trade officials to take office."
3,"OPEC’s output agreement may have put a floor under prices, but it has also prompted the return of U.S. shale."
6,U.S. Attorney General Jeff Sessions said for the first time that he’ll recuse himself if necessary from investigations into contacts that associates of President Donald Trump may have had with Russian government officials.
10,"Taxi driver Theo Ellis, the first person in Europe to drive Toyota Motor Corp.’s hydrogen-powered Mirai sedan for business, loves telling passengers about the technology that emits nothing but water."
6,"President Donald Trump said he believes former President Barack Obama has been behind the leaks within his administration and the sizable, angry town hall crowds Republicans have faced across the country."
6,Members of the House Intelligence Committee agreed Monday evening on the boundaries of their investigation into Russia's alleged interference in the US elections.
6,"Vermont Sen. Bernie Sanders described health care as ""very, very complicated,"" hours after President Donald Trump said, ""Nobody knew health care could be so complicated."""
6,An early glimpse at President Donald Trump's first budget proposal offers the clearest blueprint yet of how he plans to remake the nation.
6,President Donald Trump outlined some very broad strokes of his budget proposal during remarks in Washington Monday.
6,President Trump will be under pressure to explain his deep budget cuts and plans to replace Obamacare when he addresses Congress tomorrow
6,"The president promises a ""new chapter of American greatness"" in a speech to Congress."
3,They could face the death penalty if convicted of murdering the North Korean leader's brother.
16,"School children are being served chicken produced 6,000 miles away in Thailand, a BBC investigation has found."
6,"Ian Pannell reports from the city of Baltimore, where 25% of the population lives in poverty."
9,Newcastle score twice in the final 10 minutes to come from behind to beat Championship promotion rivals Brighton.
9,Mikey Devlin scores the winner as Hamilton climb to ninth in the Premiership with victory over Aberdeen.
9,Liverpool offers to host the 2022 Commonwealth Games after hosts Durban admit funding concerns.
9,"McLaren's dire start to pre-season testing continues with a second day of problems with Honda's new engine, as Ferrari set the pace."
9,"Cyclist Jess Varnish has not given up hope of resuming her career after being dropped from British Cycling's elite programme, says her lawyer."
9,James Taylor says he learning to trust his heart again after having an internal defibrillator surgically fitted last year to help deal with an irregular heartbeat.
9,"Farid El Alagui's header is enough for Ayr United to beat Raith Rovers, who bizarrely had to play midfielder Ryan Stevenson as goalkeeper."
9,World number one Andy Murray beats Tunisia's Malek Jaziri at the Dubai Championships in his first match for six weeks.
9,Jonathan Joseph is recalled to the England squad for their training camp ahead of next weekend's Six Nations meeting with Scotland.
9,Blackburn Rovers boost their Championship survival chances with a gutsy victory over Derby County at Ewood Park.
6,U.S. Supreme Court Justice Ruth Bader Ginsburg always hugged President Barack Obama before his speeches to Congress. She doesn’t even plan to attend President Donald Trump’s first one.
3,Chinese parcel billionaires have amassed a total net worth of about $47 billion.
10,Travis Kalanick tells a driver to take responsibility for his problems and boasts about a tough culture.
13,"Donald Trump’s first five weeks on the job have been pretty good for the stock market. By one measure, investors haven’t seen anything yet."
13,"Oscar Insurance Corp., the startup trying to reinvent medical insurance with its Obamacare-focused plans, lost more than $200 million on the products in 2016 as it heads into a year that may see the undoing of the health law."
13,House Speaker Paul Ryan has won over an unlikely ally to salvage his controversial tax plan: Steve Bannon.
13,There are plenty of reasons to buy into Snap Inc.’s initial public offering. The larger question is whether investors will want to stick around.
13,"Time Inc. asked potential suitors to submit acquisition offers by next week, according to people familiar with the matter."
6,"Former Kentucky Gov. Steve Beshear responds to  the President's address to Congress, questioning Trump's plan for the Affordable Care Act and urging him to unify American citizens."
6,"CNN political commentator Van Jones said that the moment when President Donald Trump addressed Carryn Owens, the widow of slain US Navy SEAL William ""Ryan"" Owens, was a crucial moment."
6,"President Trump praises the American military and honors Carryn Owens, the widow of William ""Ryan"" Owens who was a Navy SEAL killed in a late-January raid in Yemen."
13,A newly published video clip of Uber CEO Travis Kalanick may offer the world's first glimpse into his thinking about businesses that compete with his..
10,"Google has quietly launched a new video conferencing application called Meet by Google Hangouts, which is designed for HD video meetings. The web and mobile.."
10,"After a year of rumors, YouTube is finally drawing back the curtain on its latest play for entertainment industry domination -- a live TV service. At the.."
10,"Amazon's S3 web-based storage service is experiencing widespread issues, leading to service that's either partially or fully broken on websites, apps and.."
15,Hundreds of Coptic Christians have fled Egypt’s northern Sinai region after a spate of so-called Islamic State attacks with seven people killed within two weeks.
9,"Phil Brown says a man of Roy Hodgson's stature ""can only be a benefit to Leicester City."""
3,The Chinese winter transfer window ends as Super League sides surpass the spending of their Premier League counterparts.
13,"The Dow Jones Industrial Average topped 21,000 for the first time, the dollar advanced and Treasuries fell as investors grew increasingly confident global economic growth is accelerating, clearing the path for higher interest rates in America."
6,Democrats call on Jeff Sessions to quit as he insists he did not mislead his confirmation hearing.
3,Saudi Arabia's king is visiting Indonesia and he's not travelling lightly.
3,"Before being accused in the death of Kim Jong-un’s half brother, Doan Thi Huong was one of millions of Southeast Asians living abroad in search of work."
6,"America's top prosecutor Jeff Sessions insists his confirmation testimony was ""honest and correct""."
9,England all-rounder Ben Stokes says he has grown up as his side prepare for a three-match ODI series against West Indies.
9,"A protest in Chile to encourage forward Alexis Sanchez to leave Arsenal, which was supposed to attract 14,000, was only attended by a handful of people."
9,"The drivers love the new cars, and the first week of testing in Barcelona has given us a picture of who is fast and who is not, writes Andrew Benson."
6,"Attorney General Jeff Sessions removed himself from investigations into Russian interference in American politics and contacts with associates of President Donald Trump, after the Justice Department acknowledged he had contacts with the Russian ambassador during the 2016 campaign."
13,"After star money manager Bill Gross left in 2014, Pacific Investment Management Co. seemed destined to fade from prominence and become just one of many firms that dot the U.S. bond-industry landscape. But then Dan Ivascyn, the man tapped to replace Gross, got hot."
13,Investor appetite for the first tech listing of the year boosted the fortunes of Evan Spiegel and Bobby Murphy.
13,"Spotify has surpassed 50 million subscribers, extending its lead over rivals Apple Music, SoundCloud and Google as the world’s largest paid music streaming service."
6,"The U.S. Air Force has opened a review of the propulsion systems used for Lockheed Martin Corp.’s military satellites after an undisclosed problem during a recent attempt to boost one into orbit, according to the service."
13,Goldman Sachs Group Inc.’s dealmakers endured job cuts and a tough bonus season. Then the penny pinchers turned to their beloved phones.
17,"It’s been a great year for the rich, a terrible year for Uber, and did you know you can lease a dog?"
13,"While the world’s attention has been gripped by politics in the U.S. and Europe in recent weeks, China has been quietly cementing its newfound influence on financial markets."
13,It’s not easy to win back customers’ trust after your product bursts into flames. But it can be done.
6,Rex Tillerson’s effectiveness depends on his shedding some of the instincts that led to his hire.
6,Top Democrats have called for US Attorney General Jeff Sessions to resign after it emerged he failed to disclose meetings with a Russian diplomat
6,President Donald Trump's senior aide Jared Kushner and ousted adviser Michael Flynn met with the Russian ambassador to the United States at a time when the Trump administration's relationship with the Russians was under close scrutiny.
6,"Capitol Hill has been dominated Thursday by a disagreement over what, if any, steps Attorney General Jeff Sessions should take after it surfaced that he spoke with the Russian ambassador to the US during last year's campaign."
6,"With every new revelation about contacts between the Trump campaign and Russians, it becomes clearer that it's  time for Congress to set up a bipartisan select committee to investigate, Julian Zelizer says."
6,"During the 2016 campaign, Jeff Sessions called on then-Attorney General Loretta Lynch to recuse herself from the investigation into Hillary Clinton's use of a private email server and to appoint a special prosecutor in the case."
6,"Vice President Mike Pence routinely used a private email account to conduct public business as governor of Indiana, according to reports from Indystar. CNN's John Berman reports."
6,"Kentucky Republican Sen. Rand Paul marched to the House side of the Capitol Thursday morning, knocked on a locked door and demanded to see a copy of the House's bill to repeal and replace the Affordable Care Act, which he believed was being kept under lock and key."
3,"In a paper released Wednesday night, the Trump administration hinted that it may not abide by rulings from the World Trade Organization, which would be a major shift from previous presidents."
3,"Several US officials told CNN Thursday that the US is now taking action to locate and monitor hundreds of people or ""contacts"" found as part the intelligence retrieved during the deadly raid last month in Yemen targeting al Qaeda in the Arabian Peninsula."
4,The actor has been named the official guest speaker for the University of Southern California’s 134th graduation ceremony on May 12.
4,Archie steals a Pussycat
4,"Tears, tributes, and too much Teddy"
4,The Alpha Vampire returns to take on the British Men of Letters
4,"Five new team members join the ranks of Team Adam, Team Blake, Team Alicia, and Team Gwen, but only one of them forces a judge to walk off the stage"
4,"Beauty and the Beast doesn’t hit theaters until March 17, but right now, you can catch a glimpse of Beauty, the Beast, Gaston, and the whole fantastical crew. Below, courtesy of the film&#821…"
4,Moviegoers will have to wait five extra months to see Jason Statham battle a massive prehistoric shark. Warner Bros. announced Thursday that its underwater thriller Meg has been delayed until Aug. …
4,"2 Chainz, Wiz Khalifa, Pitbull, and Camilia Cabello will also be on film’s album"
4,"How do you improve on classic books? Put a Harry Potter spin on them, of course! That’s exactly what Twitter users did Thursday with the hashtag #PotterABook. Fans of literature and J.K. Rowl…"
9,Get a summary of the Golden State Warriors vs. Chicago Bulls basketball game
9,"In an interview with ESPN, Warriors big man Draymond Green insists the team remains focused despite the loss of Kevin Durant for an extended period."
9,Get the latest NCAA college basketball bracketology breakdown from ESPN's Joe Lunardi
9,Stay up to speed during Championship Week as conference tourneys determine which teams earn automatic bids to the women's NCAA tournament.
9,"With four days of workouts about to get underway at the NFL combine, Mel Kiper and Todd McShay give out some players to watch and a few predictions."
9,"Myles Garrett, Leonard Fournette and David Njoku are just a few of the NFL prospects expected to showcase their athleticism in Indianapolis."
9,Katherine Keith has had to deal with more tragedy than anyone should. How she's kept going -- with Ironman competitions and elite dog-mushing races -- shows the extreme lengths she's gone to to handle the pain.
9,"Players like Brandon Crawford have leverage and can command top dollar at the bargaining table, but teams still score big values on these deals paying seven or eight figures."
9,Pitchers don't visit Dr. James Andrews for the magazines in his waiting room. Are the Red Sox about to lose their $217 million man?
4,Hello Labs will provide support and funding to smaller developers creating experimental projects.
4,"Paramount has hired Kubo and the Two Strings director Travis Knight to helm the Transformers spinoff movie, Bumblebee."
4,"Nintendo Switch How-To Guides - Nintendo Switch: Below is a list of tips and guides to help you get more out of your Nintendo Switch -- and solve annoying problems (for more on that, check out Prob..."
4,Nickelodeon has announced a new 2D animated Teenage Mutant Ninja Turtles series that will feature a more mystical New York City setting.
4,Amiibo Functionality - The Legend of Zelda: Breath of the Wild: Nintendo has confirmed that The Legend of Zelda: Breath of the Wild will be compatible with Amiibo and support Amiibo Functionality on both the Wii U...
4,A final look at both retail versions of The Legend of Zelda: Breath of the Wild.
4,"Just Dance 2017 is a fun dancing game, but it doesn't really teach you anything, and has an annoying paywall."
4,The Rogue One and Ip Man star has been tapped to star in an adaptation of Square Enix's Sleeping Dogs.
4,Jack Sparrow's chased by a new foe from beyond a watery grave.
4,The Bolivian government is officially unhappy with the country's depiction in the game.
13,"Snap Inc., the parent company of Snapchat, had a stellar first day in its public debut on the New York Stock Exchange, popping 44%. The.."
13,"Snap, the parent company of Snapchat, had a great day in its debut on the New York Stock Exchange. After pricing the IPO at $17 per share yesterday, the.."
10,"For the first time ever, the price of one bitcoin has surpassed the price of one ounce of gold. While today's swap can be attributed to a good day for.."
10,"AWS took a lot of heat when its S3 storage component went down for several hours on Tuesday, and rightly so, but today they published a.."
6,The announcement came after a day of rapid-fire developments that intensified pressure for a full investigation into Moscow’s meddling in the election.
6,"The president’s son-in-law and incoming national security adviser met with the ambassador, Sergey I. Kislyak, for 20 minutes at Trump Tower in December."
6,"What he did was as bad, if not worse, than Richard Kleindienst, Nixon’s attorney general."
6,Was the first lady’s outfit on Tuesday night a slyly mischievous response to the Democratic women who came clad in all white?
6,"Attorney General Jeff Sessions said Thursday he will recuse himself from involvement in any probe related to the Trump campaign, after lawmakers called for him to recuse himself from an investigation into alleged Russian interference in the election."
6,"Campaign-finance records show attorney general used campaign account, not official funds, for expenses to Cleveland, where he met Russia’s ambassador at an event."
6,"President Donald Trump’s eldest son Donald Trump Jr. was likely paid at least $50,000 for an appearance late last year before a French think tank whose founder and wife are allies of the Russian government in efforts to end the war in Syria."
13,"A year after oil magnate Aubrey McClendon died in an auto crash, lawyers in Oklahoma City are sifting through the tangle of obligations and assets he left behind, trying to determine if he died a wealthy man—or swamped by debt."
3,"The Iraqi military has found an obstacle course Islamic State built in an old railway tunnel near Mosul, where raw recruits crawled under barbed wire and scaled walls to begin their reshaping into seasoned fighters."
13,Snap shares surged 44% on their first day of trading Thursday as investors sought a piece of the biggest technology initial public offering in the U.S. since Alibaba made its debut in 2014.
3,The Alternative for Germany party is making headway with a message that an overemphasis on guilt over the Nazi era prevents national pride and hamstrings government policy.
13,Federal agents on Thursday raided three Caterpillar facilities in Illinois in search of any evidence that the machinery giant may have released false or misleading information about its financial documents and exports.
3,The European Union’s parliament on Thursday asked for the bloc to scrap visa-free travel for U.S. citizens within two months in retaliation for the U.S. continuing to exclude five EU countries from its no-visa regime.
13,Costco Wholesale Corp. is raising membership fees—the retailer’s main profit driver—after higher costs in the latest period offset strong sales during the holiday quarter.
6,"Sessions had been facing mounting pressure to step away from any investigations, after it was revealed he had talked to the Russian ambassador twice and not disclosed those contacts."
6,At least not with the evidence at hand.
6,"Trump said he has ‘total’ faith in his attorney general, who has quickly begun implementing the president’s vision in his first weeks on the job."
6,Sessions answers one big question — and raises a bunch more.
6,The controversy is exacerbated by Trump’s tendency to treat to personalize issues with broader implications.
6,Pence's private AOL account was hacked in 2016.
6,"It's too early for Pelosi to make such a sweeping statement, as the Sessions case is still unfolding."
3,The mass grave near the city of Mosul could be among the militants’ largest.
15,Family advocates say state and local laws requiring reimbursement for incarceration only add to children’s struggles.
6,Attorney General Jeff Sessions met with the Russian ambassador during Trump's campaign last year. Sessions recused himself from any investigation related to the presidential campaign.
6,Attorney General Jeff Sessions had a chaotic day at the office Thursday as he faced a barrage of criticism over newly revealed contacts with Russia’s ambassador to the U.S. and eventually rec…
6,The host joked that the politician could be ‘The World’s Oldest Living Boy’ at a traveling carnival
6,The intelligence community believes Russian hacking was meant to benefit Trump's campaign. The attorney general is not so sure.
17,Hospital attendances for sleep disorders in under-14s in England triple in 10 years.
6,The Democratic Unionist Party is narrowly returned as the biggest party but Sinn Féin is the biggest winner in the NI Assembly election.
3,"The UK could walk away without paying - but this might imperil a trade deal, peers say."
13,Daimler is recalling around one million vehicles worldwide because of the risk of fire.
3,A man suspected of involvement in Kim Jong-nam's death says he is the victim of a conspiracy.
15,The studio was being used by the BBC News channel but the intruders were not seen on air.
6,Councils and fire authorities are calling for the limit to be lowered in line with Scotland.
13,Councils in the capital will hand over hundreds of millions more to top up other local authorities.
13,"Households face largest rise in a decade on back of social care costs, say public finance experts."
3,"It has the ""worst view in the world"", the artist says, as it is next to Israel's controversial wall."
9,A century from England captain Eoin Morgan sets up a 45-run win over West Indies in the first one-day international in Antigua.
9,"Tony Bellew has been ""underestimated"" before his heavyweight fight with David Haye, says ex-world champion Richie Woodhall."
9,Rory McIlroy cards a stunning six-under-par 65 to take the lead at the halfway stage of the World Golf Championships event in Mexico.
9,Briton Andrew Pozzi wins gold in the 60m hurdles at the European Indoor Athletics Championships in Belgrade.
9,Andy Murray beats France's Lucas Pouille in straight sets to reach the final of the Dubai Championships for the second time.
9,Chris Wood scores twice as Leeds move to within a point of third place in the Championship after winning at Birmingham.
9,The chief executive of UK Sport says she will apologise to anyone who believes the agency is partly to blame for failings at British Cycling.
9,Manchester United boss Jose Mourinho says he is not the monster he was once portrayed as.
9,Exeter Chiefs move one point behind Premiership leaders Wasps with a hard-fought bonus-point win at Leicester Tigers.
9,Eilidh Doyle misses out but Laviai Nielsen qualifies for the 400m final at the European Indoor Athletics Championships in Belgrade.
3,The TSA reacts to a study that found weapons making it past security.
13,Tesla Inc. is losing key personnel as it races to bring the Model 3 -- its most critical electric sedan yet -- to market later this year.
13,"Federal Reserve Chair Janet Yellen left little doubt on Friday that the central bank will raise interest rates this month. More importantly, she dropped hints that it might end up having to increase them this year more than planned."
6,The White House says reform of controversial guest worker program 'is an issue we are closely and carefully looking at'
13,An Uber Technologies Inc. program used to counteract government officials attempting to conduct “sting” operations is drawing scrutiny amid a flurry of scandals plaguing the ride-hailing company.
13,New York (AP) -- Arnold Schwarzenegger said Friday that he's through with
13,"As the Trump administration sets to work gutting environmental regulations, the best weapon for battling climate change in the U.S. may be jobs."
13,"Venezuela tops the list once again, but it's the moves in the middle that matter"
13,The science is clear: Shared experiences are more valuable than shared consumption. Here are eight enlightening ways to turn your bonus into a trip that lasts a lifetime.
13,"If there’s one lesson Silicon Valley can learn from Snap Inc.’s trading debut, it’s that investors in initial public offerings are again willing to stomach the uncertainty of betting on hopeful, young companies."
6,Can an undocumented immigrant get kicked out of the United States without a court hearing? That's a key question at the heart of a controversial case that's become the latest lightning rod in the debate over the Trump administration's crackdown on illegal immigration.
6,"Romulo Avelica-Gonzalez, an undocumented immigrant from Mexico, was arrested near a Los Angeles school one of his daughters attends. The daughter wept as immigration agents took her handcuffed father away in a black car."
6,A woman reapplying for legal status is now detained. Her arrest came moments after she gave an immigration speech. CNN's Nick Valencia reports.
6,"Republican Sen. Lindsey Graham said what President Trump is doing with his immigration plan is a good thing because he is getting the ""bad hombres"" out."
6,Senate Judiciary Committee Chairman Chuck Grassley on Friday denied calls by his Democratic colleagues to bring Attorney General Jeff Sessions before the panel in the coming days to testify about his meetings with the Russian ambassador.
6,"President Donald Trump slammed Senate Minority Leader Chuck Schumer in a tweet on Friday, accusing him of having a relationship with Russian President Vladimir Putin and presenting a photo of the two leaders as evidence."
6,"Carter Page, the man once linked to then-candidate Donald Trump's foreign policy team, talks with CNN's Anderson Cooper about his relationship to the campaign."
6,"The Department of Homeland Security is considering a proposal to separate children from adults when they are trying to enter the country illegally at the southern border, a senior DHS official confirmed to CNN on Friday."
6,"A recent Department of Homeland Security intelligence assessment found that most foreign-born violent extremists do not arrive in the US radicalized, but become radicalized after living in the US for several years."
4,"Beginning Feb. 17, vote for your favorites each week below and listen to EW Morning Live (8 a.m-10 a.m.) on Sirius XM Radio channel 105 all month to hear the songs — and the heated debate. The winn…"
4,"There’s a world in which it’s easily fathomable that Dustin Lance Black could be the most furious person in the country today. Given All That’s Going On In America™, beneath an administration that’…"
4,Now is the time for true equality
4,"Caroline and Stefan get married, but there’s more than one surprise guest in Mystic Falls"
4,"At the world premiere of ‘Beauty and the Beast’ Thursday in Hollywood, Gad opened up about tackling the role of LeFou, whose relationship with the film’s villain Gaston has a new spin i…"
4,"This article originally appeared on PEOPLE.com. That’s a wrap! To document the last day of shooting Modern Family‘s season 8, star Sofia Vergara shared some behind-the-scenes cast photos of her “fa…"
4,And the ‘Late Show’ host does it with the perfect ‘Star Wars’ analogy
4,"Every week, Emerald City executive producers David Schulner and Shaun Cassidy will bring EW behind the scenes and explain the ins-and-outs of the new NBC dark fantasy series inspired by the Land of…"
4,"Mary’s putting out fires, literal and otherwise."
4,"Plus, Kellyanne Conway and Couchgate, and Attorney General Jess Sessions make their way into the musical montage"
9,"Follow live coverage of the Portland Timbers vs Minnesota United FC 2017 USA Major League Soccer, Regular Season football match."
9,"Duke's highs have been high, but the lows have been quite low. While North Carolina has been remarkably consistent. Will the Tar Heels split the season series and claim an outright ACC title?"
9,Stay up to speed during Champ Week as conference tourneys determine which teams will earn automatic bids to the NCAA tournament.
9,"The drills at the NFL combine boil down to two questions: Do the measurables mesh with the film? And which players triggered red flags with their results? From the 40 to the bench press, here are the numbers to know for each drill."
9,"By the time players run the 40-yard dash, they're worn down from the NFL combine gauntlet, which makes the pressure to perform all that much more daunting."
9, LA Galaxy reboot vs. new-look Dallas
9,Looking for the skinny on MLS in 2017? Search no further
9,"Which teams are set to rebound from unlucky 2016 campaigns, and which front-runners will fall back to the pack? We dig into the numbers to find out."
9,"The MVP race has mostly been a two-man battle, but the Cavs think it's time to add LeBron James' name as a third-party candidate."
4,All you need to know about the latest Nintendo Switch games and Deadpool 2 casting news in this week's stories you may have missed.
4,"Cauldrons - Horizon: Zero Dawn: Cauldrons are special dungeons in Horizon Zero Dawn. They're marked on your map with blue triangles, but are generally not truly revealed until you g..."
4,"From a surprise classic mutant to a missing iconic villain, these are the things you need to know about the final Wolverine movie."
4,"Team Tumbleseed, Team 17, Raw Fury, Vetrex Pop, and Nintendo's Damon Baker join the crew of NVC to talk about games coming to Switch."
4,"While we're cautious, we think that Destiny 2 only bringing your character's forward might be good news for improvements in the sequel."
4,Solve puzzles and flip the world in Zoink AB's spiritual successory to Stick it To The Man!
4,"Players who pre-purchase the game will get access to special items, including a Valve character accessory."
4,Keep in mind that the problems a console has at launch (or before that) aren't always permanent.
4,"Not all the games in 1-2-Switch are created equally, we ranked them all from worst to best."
4,"We caught up with Jean-Christophe Baillie, the creator of Dual Universe at GDC 2017."
10,"At World View's new headquarters in Tucson, Arizona, the paint is barely dry on a gleaming new structure located near the airport, and just down the road from.."
10,"Snap debuts as a public company in soaring IPO, AWS suffers major outage and Nokia is reviving Snake. These are the top tech headlines of the week explained."
10,"Uber is using a tool called ""Greyball"" to work identity requests made by certain users and deny them service, according to Mike Isaac reporting for the New.."
10,"Peter Thiel has been at Donald Trump's side since the Republican National Convention, guiding the then-candidate on technology policy and brokering a meeting.."
13,"Another day, another allegation against Uber. Keala Lusk, a former Uber software engineer, just posted to Medium her story of sexism, disrespect and.."
6,Obama administration officials scrambled to ensure intelligence of connections between the Trump campaign and Russian officials was preserved after they left office.
17,"After learning she doesn’t have long to live, a woman composes a dating profile for the man she will leave behind."
10,"A program uses data Uber collected to evade law enforcement in cities that resist the ride-hailing service, some current and former Uber employees said."
6,"Republicans excoriated Democrats for making “back-room deals” to pass the health law, but now they are being accused of violating vows of transparency."
6,The first casualty of Trump is truth.
4,A panoply of opinions take on the latest video game launch.
6,Mr. Sessions’s actions and the surrounding events.
13,"The Federal Reserve’s two most senior officials signaled the central bank is on course to pick up the pace of short-term interest-rate increases, with the next rise coming as soon as March and with more to come later this year."
6,"FBI Director James Comey is back in the crosshairs of Democrats, who say he hasn’t been forthcoming with congressional investigators probing alleged Russian interference to help Donald Trump in the U.S. election."
13,"A total of $124 billion has poured into ETFs in the first two months of 2017, the most aggressive start to a year since the industry was founded 24 years ago."
3,"As China’s National People’s Congress opens, bankruptcies of Chinese business have surged in the last two years, in a sign the state is beginning to take painful steps to trim the bloated industrial sector as it tries to rein in debt."
3,A mysterious gambler whose winning streak was blamed by Las Vegas Sands for denting profit at its newest property in Macau is proving elusive.
15,Call centers were hit in October by the largest-ever assault on the country’s highly vulnerable emergency-response system. It could happen again.
13,"The social media sector’s has-beens and never-weres, from Friendster and Myspace to Secret and Bebo, helped make shares in Snap Inc., parent of the messaging app Snapchat, seem so alluring"
6,"Vice President Mike Pence used a personal email account to communicate with staff about state business while he was Indiana’s governor, according to emails released by the state’s current governor."
15,A Missouri man accused of making threats against Jewish organizations was arrested in St. Louis and charged in New York with cyberstalking.
13,“Let your winners run” is one of the oldest adages in investing. One of the newest ideas is that the winners may be running away with everything.
6,The National Oceanic and Atmospheric Administration is in the crosshairs of the White House.
6,Multiple meetings between campaign associates and Russian officials fuel calls for an independent inquiry.
6,"Democrats called for the attorney general to offer a public, under-oath explanation, while the president tweeted pictures of them with Russian officials."
6,Rod J. Rosenstein’s confirmation hearing for deputy attorney general is set for Tuesday.
6,An important analysis of a tweet from the president of the United States.
3,The returnees signify untapped potential but also face scarce job opportunities and uncertainty.
6,Different sides look to the president for a clear position.
13,Uber took extraordinary measures to evade government officials in places where the service was restricted or banned.
